name,url,description,auth_required,category
:---,,,False,其他
UnnamedAPI,,,False,其他
APILayer,https://apilayer.com/?utm_source=Github&utm_medium=Referral&utm_campaign=Public-apis-repo,从文档链接中提取的API,False,其他
Apilayercom,https://apilayer.com,从文档链接中提取的API,False,其他
APILayer Marketplace,https://apilayer.com/#bestSellers&utm_source=Github&utm_medium=Referral&utm_campaign=Public-apis-repo,从文档链接中提取的API,False,其他
IP Stack,https://ipstack.com/?utm_source=Github&utm_medium=Referral&utm_campaign=Public-apis-repo-Best-sellers,从文档链接中提取的API,False,其他
Marketstack,https://marketstack.com/?utm_source=Github&utm_medium=Referral&utm_campaign=Public-apis-repo-Best-sellers,从文档链接中提取的API,False,其他
Weatherstack,https://weatherstack.com/?utm_source=Github&utm_medium=Referral&utm_campaign=Public-apis-repo-Best-sellers,从文档链接中提取的API,False,其他
Numverify,https://numverify.com/?utm_source=Github&utm_medium=Referral&utm_campaign=Public-apis-repo-Best-sellers ,从文档链接中提取的API,False,其他
Fixer,https://fixer.io/?utm_source=Github&utm_medium=Referral&utm_campaign=Public-apis-repo-Best-sellers,从文档链接中提取的API,False,其他
API for this project,https://github.com/davemachado/public-api,从文档链接中提取的API,False,其他
Issues,https://github.com/public-apis/public-apis/issues,从文档链接中提取的API,False,其他
Pull Requests,https://github.com/public-apis/public-apis/pulls,从文档链接中提取的API,False,其他
AdoptAPet,https://www.adoptapet.com/public/apis/pet_list.html,从文档链接中提取的API,False,其他
Axolotl,https://theaxolotlapi.netlify.app/,从文档链接中提取的API,False,其他
Cats,https://docs.thecatapi.com/,从文档链接中提取的API,False,其他
Dog Facts,https://dukengn.github.io/Dog-facts-API/,从文档链接中提取的API,False,其他
Dog Facts,https://kinduff.github.io/dog-api/,从文档链接中提取的API,False,其他
Dogs,https://dog.ceo/dog-api/,从文档链接中提取的API,False,其他
IUCN,http://apiv3.iucnredlist.org/api/v3/docs,从文档链接中提取的API,False,其他
Movebank,https://github.com/movebank/movebank-api-doc,从文档链接中提取的API,False,其他
RandomDuck,https://random-d.uk/api,从文档链接中提取的API,False,其他
RescueGroups,https://userguide.rescuegroups.org/display/APIDG/API+Developers+Guide+Home,从文档链接中提取的API,False,其他
The Dog,https://thedogapi.com/,从文档链接中提取的API,False,其他
xeno-canto,https://xeno-canto.org/explore/api,从文档链接中提取的API,False,其他
Zoo Animals,https://zoo-animal-api.herokuapp.com/,从文档链接中提取的API,False,其他
AniAPI,https://aniapi.com/docs/,从文档链接中提取的API,False,其他
AniDB,https://wiki.anidb.net/HTTP_API_Definition,从文档链接中提取的API,False,其他
AniList,https://github.com/AniList/ApiV2-GraphQL-Docs,从文档链接中提取的API,False,其他
AnimeFacts,https://chandan-02.github.io/anime-facts-rest-api/,从文档链接中提取的API,False,其他
AnimeNewsNetwork,https://www.animenewsnetwork.com/encyclopedia/api.php,从文档链接中提取的API,False,其他
Catboy,https://catboys.com/api,从文档链接中提取的API,False,其他
Danbooru Anime,https://danbooru.donmai.us/wiki_pages/help:api,从文档链接中提取的API,False,其他
Kitsu,https://kitsu.docs.apiary.io/,从文档链接中提取的API,False,其他
MangaDex,https://api.mangadex.org/docs.html,从文档链接中提取的API,False,其他
Mangapi,https://rapidapi.com/pierre.carcellermeunier/api/mangapi3/,从文档链接中提取的API,False,其他
Shikimori,https://shikimori.one/api/doc,从文档链接中提取的API,False,其他
Studio Ghibli,https://ghibliapi.herokuapp.com,从文档链接中提取的API,False,其他
Trace Moe,https://soruly.github.io/trace.moe-api/#/,从文档链接中提取的API,False,其他
AlienVault Open Threat Exchange (OTX),https://otx.alienvault.com/api,从文档链接中提取的API,False,其他
CAPEsandbox,https://capev2.readthedocs.io/en/latest/usage/api.html,从文档链接中提取的API,False,其他
MalDatabase,https://maldatabase.com/api-doc.html,从文档链接中提取的API,False,其他
MalwareBazaar,https://bazaar.abuse.ch/api/,从文档链接中提取的API,False,其他
NoPhishy,https://rapidapi.com/Amiichu/api/exerra-phishing-check/,从文档链接中提取的API,False,其他
URLhaus,https://urlhaus-api.abuse.ch/,从文档链接中提取的API,False,其他
URLScan.io,https://urlscan.io/about-api/,从文档链接中提取的API,False,其他
VirusTotal,https://www.virustotal.com/en/documentation/public-api/,从文档链接中提取的API,False,其他
Web of Trust,https://support.mywot.com/hc/en-us/sections/360004477734-API-,从文档链接中提取的API,False,其他
Améthyste,https://api.amethyste.moe/,从文档链接中提取的API,False,其他
Art Institute of Chicago,https://api.artic.edu/docs/,从文档链接中提取的API,False,其他
Colormind,http://colormind.io/api-access/,从文档链接中提取的API,False,其他
ColourLovers,http://www.colourlovers.com/api,从文档链接中提取的API,False,其他
Cooper Hewitt,https://collection.cooperhewitt.org/api,从文档链接中提取的API,False,其他
Europeana,https://pro.europeana.eu/resources/apis/search,从文档链接中提取的API,False,其他
Harvard Art Museums,https://github.com/harvardartmuseums/api-docs,从文档链接中提取的API,False,其他
Noun Project,http://api.thenounproject.com/index.html,从文档链接中提取的API,False,其他
Pixel Encounter,https://pixelencounter.com/api,从文档链接中提取的API,False,其他
Rijksmuseum,https://data.rijksmuseum.nl/object-metadata/api/,从文档链接中提取的API,False,其他
Word Cloud,https://wordcloudapi.com/,从文档链接中提取的API,False,其他
Covalent,https://www.covalenthq.com/docs/api/,从文档链接中提取的API,False,其他
Etherscan,https://etherscan.io/apis,从文档链接中提取的API,False,其他
Helium,https://docs.helium.com/api/blockchain/introduction/,从文档链接中提取的API,False,其他
Walltime,https://walltime.info/api.html,从文档链接中提取的API,False,其他
Bhagavad Gita,https://docs.bhagavadgitaapi.in,从文档链接中提取的API,False,其他
Bhagavad Gita,https://bhagavadgita.io/api,从文档链接中提取的API,False,其他
Bhagavad Gita telugu,https://gita-api.vercel.app,从文档链接中提取的API,False,其他
Bible-api,https://bible-api.com/,从文档链接中提取的API,False,其他
Crossref Metadata Search,https://github.com/CrossRef/rest-api-doc,从文档链接中提取的API,False,其他
Ganjoor,https://api.ganjoor.net,从文档链接中提取的API,False,其他
GurbaniNow,https://github.com/GurbaniNow/api,从文档链接中提取的API,False,其他
Open Library,https://openlibrary.org/developers/api,从文档链接中提取的API,False,其他
Quran,https://quran.api-docs.io/,从文档链接中提取的API,False,其他
Quran Cloud,https://alquran.cloud/api,从文档链接中提取的API,False,其他
Quran-api,https://github.com/fawazahmed0/quran-api#readme,从文档链接中提取的API,False,其他
The Bible,https://docs.api.bible,从文档链接中提取的API,False,其他
Thirukkural,https://api-thirukkural.web.app/,从文档链接中提取的API,False,其他
Wizard World,https://wizard-world-api.herokuapp.com/swagger/index.html,从文档链接中提取的API,False,其他
Wolne Lektury,https://wolnelektury.pl/api/,从文档链接中提取的API,False,其他
Apache Superset,https://superset.apache.org/docs/api,从文档链接中提取的API,False,其他
Charity Search,http://charityapi.orghunter.com/,从文档链接中提取的API,False,其他
Clearbit Logo,https://clearbit.com/docs#logo-api,从文档链接中提取的API,False,其他
Gmail,https://developers.google.com/gmail/api/,从文档链接中提取的API,False,其他
Instatus,https://instatus.com/help/api,从文档链接中提取的API,False,其他
markerapi,https://markerapi.com,从文档链接中提取的API,False,其他
ORB Intelligence,https://api.orb-intelligence.com/docs/,从文档链接中提取的API,False,其他
Redash,https://redash.io/help/user-guide/integrations-and-api/api,从文档链接中提取的API,False,其他
SwiftKanban,https://www.digite.com/knowledge-base/swiftkanban/article/api-for-swift-kanban-web-services/#restapi,从文档链接中提取的API,False,其他
Tenders in Hungary,https://tenders.guru/hu/api,从文档链接中提取的API,False,其他
Tenders in Poland,https://tenders.guru/pl/api,从文档链接中提取的API,False,其他
Tenders in Romania,https://tenders.guru/ro/api,从文档链接中提取的API,False,其他
Tenders in Spain,https://tenders.guru/es/api,从文档链接中提取的API,False,其他
Tenders in Ukraine,https://tenders.guru/ua/api,从文档链接中提取的API,False,其他
Tomba email finder,https://tomba.io/api,从文档链接中提取的API,False,其他
Abstract Public Holidays,https://www.abstractapi.com/holidays-api,从文档链接中提取的API,False,其他
Checkiday - National Holiday API,https://apilayer.com/marketplace/checkiday-api,从文档链接中提取的API,False,其他
Church Calendar,http://calapi.inadiutorium.cz/,从文档链接中提取的API,False,其他
Festivo Public Holidays,https://docs.getfestivo.com/docs/products/public-holidays-api/intro,从文档链接中提取的API,False,其他
Hebrew Calendar,https://www.hebcal.com/home/developer-apis,从文档链接中提取的API,False,其他
Holidays,https://holidayapi.com/,从文档链接中提取的API,False,其他
AnonFiles,https://anonfiles.com/docs/api,从文档链接中提取的API,False,其他
BayFiles,https://bayfiles.com/docs/api,从文档链接中提取的API,False,其他
ddownload,https://ddownload.com/api,从文档链接中提取的API,False,其他
GoFile,https://gofile.io/api,从文档链接中提取的API,False,其他
Gyazo,https://gyazo.com/api/docs,从文档链接中提取的API,False,其他
Imgbb,https://api.imgbb.com/,从文档链接中提取的API,False,其他
Pastebin,https://pastebin.com/doc_api,从文档链接中提取的API,False,其他
Azure DevOps Health,https://docs.microsoft.com/en-us/rest/api/resourcehealth,从文档链接中提取的API,False,其他
Bitrise,https://api-docs.bitrise.io/,从文档链接中提取的API,False,其他
Buddy,https://buddy.works/docs/api/getting-started/overview,从文档链接中提取的API,False,其他
CircleCI,https://circleci.com/docs/api/v1-reference/,从文档链接中提取的API,False,其他
Codeship,https://docs.cloudbees.com/docs/cloudbees-codeship/latest/api-overview/,从文档链接中提取的API,False,其他
Travis CI,https://docs.travis-ci.com/api/,从文档链接中提取的API,False,其他
0x,https://0x.org/api,从文档链接中提取的API,False,其他
1inch,https://1inch.io/api/,从文档链接中提取的API,False,其他
Binance,https://github.com/binance/binance-spot-api-docs,从文档链接中提取的API,False,其他
Bitcambio,https://nova.bitcambio.com.br/api/v3/docs#a-public,从文档链接中提取的API,False,其他
BitcoinAverage,https://apiv2.bitcoinaverage.com/,从文档链接中提取的API,False,其他
Bitmex,https://www.bitmex.com/app/apiOverview,从文档链接中提取的API,False,其他
Bittrex,https://bittrex.github.io/api/v3,从文档链接中提取的API,False,其他
Blockchain,https://www.blockchain.com/api,从文档链接中提取的API,False,其他
CoinAPI,https://docs.coinapi.io/,从文档链接中提取的API,False,其他
Coinbase Pro,https://docs.pro.coinbase.com/#api,从文档链接中提取的API,False,其他
CoinDesk,https://old.coindesk.com/coindesk-api/,从文档链接中提取的API,False,其他
CoinGecko,http://www.coingecko.com/api,从文档链接中提取的API,False,其他
Coinigy,https://coinigy.docs.apiary.io,从文档链接中提取的API,False,其他
Coinlib,https://coinlib.io/apidocs,从文档链接中提取的API,False,其他
Coinlore,https://www.coinlore.com/cryptocurrency-data-api,从文档链接中提取的API,False,其他
CoinMarketCap,https://coinmarketcap.com/api/,从文档链接中提取的API,False,其他
Coinpaprika,https://api.coinpaprika.com,从文档链接中提取的API,False,其他
CoinRanking,https://developers.coinranking.com/api/documentation,从文档链接中提取的API,False,其他
CryptAPI,https://docs.cryptapi.io/,从文档链接中提取的API,False,其他
CryptingUp,https://www.cryptingup.com/apidoc/#introduction,从文档链接中提取的API,False,其他
CryptoCompare,https://www.cryptocompare.com/api#,从文档链接中提取的API,False,其他
CryptoMarket,https://api.exchange.cryptomkt.com/,从文档链接中提取的API,False,其他
Cryptonator,https://www.cryptonator.com/api/,从文档链接中提取的API,False,其他
Ethplorer,https://github.com/EverexIO/Ethplorer/wiki/Ethplorer-API,从文档链接中提取的API,False,其他
Gateio,https://www.gate.io/api2,从文档链接中提取的API,False,其他
Gemini,https://docs.gemini.com/rest-api/,从文档链接中提取的API,False,其他
Huobi,https://huobiapi.github.io/docs/spot/v1/en/,从文档链接中提取的API,False,其他
Indodax,https://github.com/btcid/indodax-official-api-docs,从文档链接中提取的API,False,其他
Localbitcoins,https://localbitcoins.com/api-docs/,从文档链接中提取的API,False,其他
Mempool,https://mempool.space/api,从文档链接中提取的API,False,其他
MercadoBitcoin,https://www.mercadobitcoin.com.br/api-doc/,从文档链接中提取的API,False,其他
Messari,https://messari.io/api,从文档链接中提取的API,False,其他
Nexchange,https://nexchange2.docs.apiary.io/,从文档链接中提取的API,False,其他
Solana JSON RPC,https://docs.solana.com/developing/clients/jsonrpc-api,从文档链接中提取的API,False,其他
Technical Analysis,https://technical-analysis-api.com,从文档链接中提取的API,False,其他
WorldCoinIndex,https://www.worldcoinindex.com/apiservice,从文档链接中提取的API,False,其他
1Forge,https://1forge.com/forex-data-api/api-documentation,从文档链接中提取的API,False,其他
Amdoren,https://www.amdoren.com/currency-api/,从文档链接中提取的API,False,其他
Currency-api,https://github.com/fawazahmed0/currency-api#readme,从文档链接中提取的API,False,其他
CurrencyScoop,https://currencyscoop.com/api-documentation,从文档链接中提取的API,False,其他
Economia.Awesome,https://docs.awesomeapi.com.br/api-de-moedas,从文档链接中提取的API,False,其他
ExchangeRate-API,https://www.exchangerate-api.com,从文档链接中提取的API,False,其他
Exchangeratesapi.io,https://exchangeratesapi.io,从文档链接中提取的API,False,其他
FreeForexAPI,https://freeforexapi.com/Home/Api,从文档链接中提取的API,False,其他
National Bank of Poland,http://api.nbp.pl/en.html,从文档链接中提取的API,False,其他
US Autocomplete,https://www.smarty.com/docs/cloud/us-autocomplete-pro-api,从文档链接中提取的API,False,其他
US Extract,https://www.smarty.com/products/apis/us-extract-api,从文档链接中提取的API,False,其他
US Street Address,https://www.smarty.com/docs/cloud/us-street-api,从文档链接中提取的API,False,其他
24 Pull Requests,https://24pullrequests.com/api,从文档链接中提取的API,False,其他
Abstract Screenshot,https://www.abstractapi.com/website-screenshot-api,从文档链接中提取的API,False,其他
API Grátis,https://apigratis.com.br/,从文档链接中提取的API,False,其他
ApicAgent,https://www.apicagent.com,从文档链接中提取的API,False,其他
ApiFlash,https://apiflash.com/,从文档链接中提取的API,False,其他
APIs.guru,https://apis.guru/api-doc/,从文档链接中提取的API,False,其他
Azure DevOps,https://docs.microsoft.com/en-us/rest/api/azure/devops,从文档链接中提取的API,False,其他
Base,https://www.base-api.io/,从文档链接中提取的API,False,其他
Bitbucket,https://developer.atlassian.com/bitbucket/api/2/reference/,从文档链接中提取的API,False,其他
Blitapp,https://blitapp.com/api/,从文档链接中提取的API,False,其他
Blynk-Cloud,https://blynkapi.docs.apiary.io/#,从文档链接中提取的API,False,其他
Bored,https://www.boredapi.com/,从文档链接中提取的API,False,其他
Browshot,https://browshot.com/api/documentation,从文档链接中提取的API,False,其他
CDNJS,https://api.cdnjs.com/libraries/jquery,从文档链接中提取的API,False,其他
Cloudflare Trace,https://github.com/fawazahmed0/cloudflare-trace-api,从文档链接中提取的API,False,其他
Contentful Images,https://www.contentful.com/developers/docs/references/images-api/,从文档链接中提取的API,False,其他
CountAPI,https://countapi.xyz,从文档链接中提取的API,False,其他
Databricks,https://docs.databricks.com/dev-tools/api/latest/index.html,从文档链接中提取的API,False,其他
DigitalOcean Status,https://status.digitalocean.com/api,从文档链接中提取的API,False,其他
Docker Hub,https://docs.docker.com/docker-hub/api/latest/,从文档链接中提取的API,False,其他
DomainDb Info,https://api.domainsdb.info/,从文档链接中提取的API,False,其他
GeekFlare,https://apidocs.geekflare.com/docs/geekflare-api,从文档链接中提取的API,False,其他
Gitlab,https://docs.gitlab.com/ee/api/,从文档链接中提取的API,False,其他
Google Docs,https://developers.google.com/docs/api/reference/rest,从文档链接中提取的API,False,其他
Google Fonts,https://developers.google.com/fonts/docs/developer_api,从文档链接中提取的API,False,其他
Google Keep,https://developers.google.com/keep/api/reference/rest,从文档链接中提取的API,False,其他
Google Sheets,https://developers.google.com/sheets/api/reference/rest,从文档链接中提取的API,False,其他
Google Slides,https://developers.google.com/slides/api/reference/rest,从文档链接中提取的API,False,其他
Heroku,https://devcenter.heroku.com/articles/platform-api-reference/,从文档链接中提取的API,False,其他
HTTP2.Pro,https://http2.pro/doc/api,从文档链接中提取的API,False,其他
Hunter,https://hunter.io/api,从文档链接中提取的API,False,其他
IFTTT,https://platform.ifttt.com/docs/connect_api,从文档链接中提取的API,False,其他
import.io,http://api.docs.import.io/,从文档链接中提取的API,False,其他
License-API,https://github.com/cmccandless/license-api/blob/master/README.md,从文档链接中提取的API,False,其他
MAC address vendor lookup,https://macaddress.io/api,从文档链接中提取的API,False,其他
MY IP,https://www.myip.com/api-docs/,从文档链接中提取的API,False,其他
Netlify,https://docs.netlify.com/api/get-started/,从文档链接中提取的API,False,其他
NetworkCalc,https://networkcalc.com/api/docs,从文档链接中提取的API,False,其他
npm Registry,https://github.com/npm/registry/blob/master/docs/REGISTRY-API.md,从文档链接中提取的API,False,其他
OneSignal,https://documentation.onesignal.com/docs/onesignal-api,从文档链接中提取的API,False,其他
OpenAPIHub,https://hub.openapihub.com/,从文档链接中提取的API,False,其他
PageCDN,https://pagecdn.com/docs/public-api,从文档链接中提取的API,False,其他
QR code,https://www.qrtag.net/api/,从文档链接中提取的API,False,其他
QR code,http://goqr.me/api/,从文档链接中提取的API,False,其他
Qrcode Monkey,https://www.qrcode-monkey.com/qr-code-api-with-logo/,从文档链接中提取的API,False,其他
Random Stuff,https://api-docs.pgamerx.com/,从文档链接中提取的API,False,其他
RSS feed to JSON,https://rss-to-json-serverless-api.vercel.app,从文档链接中提取的API,False,其他
ScraperApi,https://www.scraperapi.com,从文档链接中提取的API,False,其他
ScrapingAnt,https://scrapingant.com,从文档链接中提取的API,False,其他
ScrapingDog,https://www.scrapingdog.com/,从文档链接中提取的API,False,其他
ScreenshotAPI.net,https://screenshotapi.net/,从文档链接中提取的API,False,其他
SonarQube,https://sonarcloud.io/web_api,从文档链接中提取的API,False,其他
StackExchange,https://api.stackexchange.com/,从文档链接中提取的API,False,其他
Wandbox,https://github.com/melpon/wandbox/blob/master/kennel2/API.rst,从文档链接中提取的API,False,其他
WebScraping.AI,https://webscraping.ai/,从文档链接中提取的API,False,其他
Chinese Text Project,https://ctext.org/tools/api,从文档链接中提取的API,False,其他
Collins,https://api.collinsdictionary.com/api/v1/documentation/html/,从文档链接中提取的API,False,其他
Free Dictionary,https://dictionaryapi.dev/,从文档链接中提取的API,False,其他
Indonesia Dictionary,https://new-kbbi-api.herokuapp.com/,从文档链接中提取的API,False,其他
Merriam-Webster,https://dictionaryapi.com/,从文档链接中提取的API,False,其他
Synonyms,https://www.synonyms.com/synonyms_api.php,从文档链接中提取的API,False,其他
Wiktionary,https://en.wiktionary.org/w/api.php,从文档链接中提取的API,False,其他
Words,https://www.wordsapi.com/docs/,从文档链接中提取的API,False,其他
Airtable,https://airtable.com/api,从文档链接中提取的API,False,其他
Api2Convert,https://www.api2convert.com/,从文档链接中提取的API,False,其他
ClickUp,https://clickup.com/api,从文档链接中提取的API,False,其他
Clockify,https://clockify.me/developers-api ,从文档链接中提取的API,False,其他
CloudConvert,https://cloudconvert.com/api/v2,从文档链接中提取的API,False,其他
Cloudmersive Document and Data Conversion,https://cloudmersive.com/convert-api,从文档链接中提取的API,False,其他
Code::Stats,https://codestats.net/api-docs,从文档链接中提取的API,False,其他
Flowdash,https://docs.flowdash.com/docs/api-introduction,从文档链接中提取的API,False,其他
JIRA,https://developer.atlassian.com/server/jira/platform/rest-apis/,从文档链接中提取的API,False,其他
Mattermost,https://api.mattermost.com/,从文档链接中提取的API,False,其他
Monday,https://api.developer.monday.com/docs,从文档链接中提取的API,False,其他
Smart Image Enhancement API,https://apilayer.com/marketplace/image_enhancement-api,从文档链接中提取的API,False,其他
Zube,https://zube.io/docs/api,从文档链接中提取的API,False,其他
Abstract Email Validation,https://www.abstractapi.com/email-verification-validation-api,从文档链接中提取的API,False,其他
Cloudmersive Validate,https://cloudmersive.com/validate-api,从文档链接中提取的API,False,其他
DropMail,https://dropmail.me/api/#live-demo,从文档链接中提取的API,False,其他
Guerrilla Mail,https://www.guerrillamail.com/GuerrillaMailAPI.html,从文档链接中提取的API,False,其他
ImprovMX,https://improvmx.com/api,从文档链接中提取的API,False,其他
MailboxValidator,https://www.mailboxvalidator.com/api-email-free,从文档链接中提取的API,False,其他
Mailtrap,https://mailtrap.docs.apiary.io/#,从文档链接中提取的API,False,其他
Sendgrid,https://docs.sendgrid.com/api-reference/,从文档链接中提取的API,False,其他
chucknorris.io,https://api.chucknorris.io,从文档链接中提取的API,False,其他
Corporate Buzz Words,https://github.com/sameerkumar18/corporate-bs-generator-api,从文档链接中提取的API,False,其他
Fun Fact,https://api.aakhilv.me,从文档链接中提取的API,False,其他
Imgflip,https://imgflip.com/api,从文档链接中提取的API,False,其他
Meme Maker,https://mememaker.github.io/API/,从文档链接中提取的API,False,其他
Techy,https://techy-api.vercel.app/,从文档链接中提取的API,False,其他
Yo Momma Jokes,https://github.com/beanboi7/yomomma-apiv2,从文档链接中提取的API,False,其他
BreezoMeter Pollen,https://docs.breezometer.com/api-documentation/pollen-api/v2/,从文档链接中提取的API,False,其他
CO2 Offset,https://co2offset.io/api.html,从文档链接中提取的API,False,其他
IQAir,https://www.iqair.com/air-pollution-data-api,从文档链接中提取的API,False,其他
Luchtmeetnet,https://api-docs.luchtmeetnet.nl/,从文档链接中提取的API,False,其他
PM2.5 Open Data Portal,https://pm25.lass-net.org/#apis,从文档链接中提取的API,False,其他
PM25.in,http://www.pm25.in/api_doc,从文档链接中提取的API,False,其他
Srp Energy,https://srpenergy-api-client-python.readthedocs.io/en/latest/api.html,从文档链接中提取的API,False,其他
UK Carbon Intensity,https://carbon-intensity.github.io/api-definitions/#carbon-intensity-api-v1-0-0,从文档链接中提取的API,False,其他
Website Carbon,https://api.websitecarbon.com/,从文档链接中提取的API,False,其他
Eventbrite,https://www.eventbrite.com/platform/api/,从文档链接中提取的API,False,其他
Ticketmaster,http://developer.ticketmaster.com/products-and-docs/apis/getting-started/,从文档链接中提取的API,False,其他
Abstract VAT Validation,https://www.abstractapi.com/vat-validation-rates-api,从文档链接中提取的API,False,其他
Aletheia,https://aletheiaapi.com/,从文档链接中提取的API,False,其他
Alpaca,https://alpaca.markets/docs/api-documentation/api-v2/market-data/alpaca-data-api-v2/,从文档链接中提取的API,False,其他
Bank Data API,https://apilayer.com/marketplace/bank_data-api,从文档链接中提取的API,False,其他
Billplz,https://www.billplz.com/api,从文档链接中提取的API,False,其他
Citi,https://sandbox.developerhub.citi.com/api-catalog-list,从文档链接中提取的API,False,其他
Econdb,https://www.econdb.com/api/,从文档链接中提取的API,False,其他
Fed Treasury,https://fiscaldata.treasury.gov/api-documentation/,从文档链接中提取的API,False,其他
Finnhub,https://finnhub.io/docs/api,从文档链接中提取的API,False,其他
FRED,https://fred.stlouisfed.org/docs/api/fred/,从文档链接中提取的API,False,其他
Front Accounting APIs,https://frontaccounting.com/fawiki/index.php?n=Devel.SimpleAPIModule,从文档链接中提取的API,False,其他
Hotstoks,https://hotstoks.com?utm_source=public-apis,从文档链接中提取的API,False,其他
IEX Cloud,https://iexcloud.io/docs/api/,从文档链接中提取的API,False,其他
Indian Mutual Fund,https://www.mfapi.in/,从文档链接中提取的API,False,其他
Klarna,https://docs.klarna.com/klarna-payments/api/payments-api/,从文档链接中提取的API,False,其他
Moov,https://docs.moov.io/api/,从文档链接中提取的API,False,其他
OpenFIGI,https://www.openfigi.com/api,从文档链接中提取的API,False,其他
Real Time Finance,https://github.com/Real-time-finance/finance-websocket-API/,从文档链接中提取的API,False,其他
SEC EDGAR Data,https://www.sec.gov/edgar/sec-api-documentation,从文档链接中提取的API,False,其他
SmartAPI,https://smartapi.angelbroking.com/,从文档链接中提取的API,False,其他
Tax Data API,https://apilayer.com/marketplace/tax_data-api,从文档链接中提取的API,False,其他
WallstreetBets,https://dashboard.nbshare.io/apps/reddit/api/,从文档链接中提取的API,False,其他
Yahoo Finance,https://www.yahoofinanceapi.com/,从文档链接中提取的API,False,其他
YNAB,https://api.youneedabudget.com/,从文档链接中提取的API,False,其他
Zoho Books,https://www.zoho.com/books/api/v3/,从文档链接中提取的API,False,其他
Chomp,https://chompthis.com/api/,从文档链接中提取的API,False,其他
Edamam nutrition,https://developer.edamam.com/edamam-docs-nutrition-api,从文档链接中提取的API,False,其他
Edamam recipes,https://developer.edamam.com/edamam-docs-recipe-api,从文档链接中提取的API,False,其他
LCBO,https://lcboapi.com/,从文档链接中提取的API,False,其他
PunkAPI,https://punkapi.com/,从文档链接中提取的API,False,其他
Spoonacular,https://spoonacular.com/food-api,从文档链接中提取的API,False,其他
Systembolaget,https://api-portal.systembolaget.se,从文档链接中提取的API,False,其他
TacoFancy,https://github.com/evz/tacofancy-api,从文档链接中提取的API,False,其他
Tasty,https://rapidapi.com/apidojo/api/tasty/,从文档链接中提取的API,False,其他
The Report of the Week,https://github.com/andyklimczak/TheReportOfTheWeek-API,从文档链接中提取的API,False,其他
TheCocktailDB,https://www.thecocktaildb.com/api.php,从文档链接中提取的API,False,其他
TheMealDB,https://www.themealdb.com/api.php,从文档链接中提取的API,False,其他
Untappd,https://untappd.com/api/docs,从文档链接中提取的API,False,其他
What's on the menu?,http://nypl.github.io/menus-api/,从文档链接中提取的API,False,其他
WhiskyHunter,https://whiskyhunter.net/api/,从文档链接中提取的API,False,其他
Age of Empires II,https://age-of-empires-2-api.herokuapp.com,从文档链接中提取的API,False,其他
AmiiboAPI,https://amiiboapi.com/,从文档链接中提取的API,False,其他
Animal Crossing: New Horizons,http://acnhapi.com/,从文档链接中提取的API,False,其他
Autochess VNG,https://github.com/didadadida93/autochess-vng-api,从文档链接中提取的API,False,其他
Board Game Geek,https://boardgamegeek.com/wiki/page/BGG_XML_API2,从文档链接中提取的API,False,其他
Bugsnax,https://www.bugsnaxapi.com/,从文档链接中提取的API,False,其他
CheapShark,https://www.cheapshark.com/api,从文档链接中提取的API,False,其他
Chess.com,https://www.chess.com/news/view/published-data-api,从文档链接中提取的API,False,其他
Chuck Norris Database,http://www.icndb.com/api/,从文档链接中提取的API,False,其他
Comic Vine,https://comicvine.gamespot.com/api/documentation,从文档链接中提取的API,False,其他
Cross Universe,https://crossuniverse.psychpsyo.com/apiDocs.html,从文档链接中提取的API,False,其他
Deck of Cards,http://deckofcardsapi.com/,从文档链接中提取的API,False,其他
Digimon Information,https://digimon-api.vercel.app/,从文档链接中提取的API,False,其他
Disney,https://disneyapi.dev,从文档链接中提取的API,False,其他
Dungeons and Dragons,https://www.dnd5eapi.co/docs/,从文档链接中提取的API,False,其他
FIFA Ultimate Team,https://www.easports.com/fifa/ultimate-team/api/fut/item,从文档链接中提取的API,False,其他
Final Fantasy XIV,https://xivapi.com/,从文档链接中提取的API,False,其他
Fortnite,https://fortnitetracker.com/site-api,从文档链接中提取的API,False,其他
Forza,https://docs.forza-api.tk,从文档链接中提取的API,False,其他
FreeToGame,https://www.freetogame.com/api-doc,从文档链接中提取的API,False,其他
Fun Facts,https://asli-fun-fact-api.herokuapp.com/,从文档链接中提取的API,False,其他
FunTranslations,https://api.funtranslations.com/,从文档链接中提取的API,False,其他
GamerPower,https://www.gamerpower.com/api-read,从文档链接中提取的API,False,其他
GDBrowser,https://gdbrowser.com/api,从文档链接中提取的API,False,其他
Geek-Jokes,https://github.com/sameerkumar18/geek-joke-api,从文档链接中提取的API,False,其他
Giant Bomb,https://www.giantbomb.com/api/documentation,从文档链接中提取的API,False,其他
Guild Wars 2,https://wiki.guildwars2.com/wiki/API:Main,从文档链接中提取的API,False,其他
Halo,https://developer.haloapi.com/,从文档链接中提取的API,False,其他
Hearthstone,http://hearthstoneapi.com/,从文档链接中提取的API,False,其他
Humble Bundle,https://rapidapi.com/Ziggoto/api/humble-bundle,从文档链接中提取的API,False,其他
Humor,https://humorapi.com,从文档链接中提取的API,False,其他
Hypixel,https://api.hypixel.net/,从文档链接中提取的API,False,其他
Hyrule Compendium,https://github.com/gadhagod/Hyrule-Compendium-API,从文档链接中提取的API,False,其他
Hytale,https://hytale-api.com/,从文档链接中提取的API,False,其他
IGDB.com,https://api-docs.igdb.com,从文档链接中提取的API,False,其他
JokeAPI,https://sv443.net/jokeapi/v2/,从文档链接中提取的API,False,其他
Jokes One,https://jokes.one/api/joke/,从文档链接中提取的API,False,其他
Lichess,https://lichess.org/api,从文档链接中提取的API,False,其他
Mario Kart Tour,https://mario-kart-tour-api.herokuapp.com/,从文档链接中提取的API,False,其他
Minecraft Server Status,https://api.mcsrvstat.us,从文档链接中提取的API,False,其他
MMO Games,https://www.mmobomb.com/api,从文档链接中提取的API,False,其他
Mojang,https://wiki.vg/Mojang_API,从文档链接中提取的API,False,其他
Open Trivia,https://opentdb.com/api_config.php,从文档链接中提取的API,False,其他
Pokéapi,https://pokeapi.co,从文档链接中提取的API,False,其他
PokéAPI (GraphQL),https://github.com/mazipan/graphql-pokeapi,从文档链接中提取的API,False,其他
Psychonauts,https://psychonauts-api.netlify.app/,从文档链接中提取的API,False,其他
Puyo Nexus,https://github.com/deltadex7/puyodb-api-deno,从文档链接中提取的API,False,其他
quizapi.io,https://quizapi.io/,从文档链接中提取的API,False,其他
Raider,https://raider.io/api,从文档链接中提取的API,False,其他
RAWG.io,https://rawg.io/apidocs,从文档链接中提取的API,False,其他
Rick and Morty,https://rickandmortyapi.com,从文档链接中提取的API,False,其他
RPS 101,https://rps101.pythonanywhere.com/api,从文档链接中提取的API,False,其他
Sakura CardCaptor,https://github.com/JessVel/sakura-card-captor-api,从文档链接中提取的API,False,其他
Scryfall,https://scryfall.com/docs/api,从文档链接中提取的API,False,其他
SpaceTradersAPI,https://spacetraders.io?rel=pub-apis,从文档链接中提取的API,False,其他
Steam,https://steamapi.xpaw.me/,从文档链接中提取的API,False,其他
Steam,https://github.com/Revadike/InternalSteamWebAPI/wiki,从文档链接中提取的API,False,其他
SuperHeroes,https://superheroapi.com,从文档链接中提取的API,False,其他
TETR.IO,https://tetr.io/about/api/,从文档链接中提取的API,False,其他
Valorant (non-official),https://valorant-api.com,从文档链接中提取的API,False,其他
Warface (non-official),https://api.wfstats.cf,从文档链接中提取的API,False,其他
When is next MCU film,https://github.com/DiljotSG/MCU-Countdown/blob/develop/docs/API.md,从文档链接中提取的API,False,其他
Yu-Gi-Oh!,https://db.ygoprodeck.com/api-guide/,从文档链接中提取的API,False,其他
Abstract IP Geolocation,https://www.abstractapi.com/ip-geolocation-api,从文档链接中提取的API,False,其他
Actinia Grass GIS,https://actinia.mundialis.de/api_docs/,从文档链接中提取的API,False,其他
Apiip,https://apiip.net/,从文档链接中提取的API,False,其他
BigDataCloud,https://www.bigdatacloud.com/ip-geolocation-apis,从文档链接中提取的API,False,其他
Cartes.io,https://github.com/M-Media-Group/Cartes.io/wiki/API,从文档链接中提取的API,False,其他
Ducks Unlimited,https://gis.ducks.org/datasets/du-university-chapters/api,从文档链接中提取的API,False,其他
GeoApi,https://api.gouv.fr/api/geoapi.html,从文档链接中提取的API,False,其他
Geoapify,https://www.geoapify.com/api/geocoding-api/,从文档链接中提取的API,False,其他
Geocode.xyz,https://geocode.xyz/api,从文档链接中提取的API,False,其他
GeoDB Cities,http://geodb-cities-api.wirefreethought.com/,从文档链接中提取的API,False,其他
HelloSalut,https://fourtonfish.com/project/hellosalut-api/,从文档链接中提取的API,False,其他
IBGE,https://servicodados.ibge.gov.br/api/docs/,从文档链接中提取的API,False,其他
ip-api,https://ip-api.com/docs,从文档链接中提取的API,False,其他
ipapi.co,https://ipapi.co/api/#introduction,从文档链接中提取的API,False,其他
ipapi.com,https://ipapi.com/,从文档链接中提取的API,False,其他
IPGEO,https://api.techniknews.net/ipgeo/,从文档链接中提取的API,False,其他
IPInfoDB,https://www.ipinfodb.com/api,从文档链接中提取的API,False,其他
Kakao Maps,https://apis.map.kakao.com,从文档链接中提取的API,False,其他
Nominatim,https://nominatim.org/release-docs/latest/api/Overview/,从文档链接中提取的API,False,其他
OpenStreetMap,http://wiki.openstreetmap.org/wiki/API,从文档链接中提取的API,False,其他
Pinball Map,https://pinballmap.com/api/v1/docs,从文档链接中提取的API,False,其他
Postali,https://postali.app/api,从文档链接中提取的API,False,其他
PostcodeData.nl,http://api.postcodedata.nl/v1/postcode/?postcode=1211EP&streetnumber=60&ref=domeinnaam.nl&type=json,从文档链接中提取的API,False,其他
RoadGoat Cities,https://www.roadgoat.com/business/cities-api,从文档链接中提取的API,False,其他
Rwanda Locations,https://rapidapi.com/victorkarangwa4/api/rwanda,从文档链接中提取的API,False,其他
SLF,https://github.com/slftool/slftool.github.io/blob/master/API.md,从文档链接中提取的API,False,其他
Telize,https://rapidapi.com/fcambus/api/telize/,从文档链接中提取的API,False,其他
Uebermaps,https://uebermaps.com/api/v2,从文档链接中提取的API,False,其他
US ZipCode,https://www.smarty.com/docs/cloud/us-zipcode-api,从文档链接中提取的API,False,其他
Utah AGRC,https://api.mapserv.utah.gov,从文档链接中提取的API,False,其他
ZipCodeAPI,https://www.zipcodeapi.com,从文档链接中提取的API,False,其他
Ziptastic,https://ziptasticapi.com/,从文档链接中提取的API,False,其他
Bank Negara Malaysia Open Data,https://apikijangportal.bnm.gov.my/,从文档链接中提取的API,False,其他
BCLaws,https://www.bclaws.gov.bc.ca/civix/template/complete/api/index.html,从文档链接中提取的API,False,其他
Brazil,https://brasilapi.com.br/,从文档链接中提取的API,False,其他
Brazilian Chamber of Deputies Open Data,https://dadosabertos.camara.leg.br/swagger/api.html,从文档链接中提取的API,False,其他
"City, Gdynia",http://otwartedane.gdynia.pl/en/api_doc.html,从文档链接中提取的API,False,其他
Data USA,https://datausa.io/about/api/,从文档链接中提取的API,False,其他
Data.gov,https://api.data.gov/,从文档链接中提取的API,False,其他
Deutscher Bundestag DIP,https://dip.bundestag.de/documents/informationsblatt_zur_dip_api_v01.pdf,从文档链接中提取的API,False,其他
District of Columbia Open Data,http://opendata.dc.gov/pages/using-apis,从文档链接中提取的API,False,其他
EPA,https://www.epa.gov/developers/data-data-products#apis,从文档链接中提取的API,False,其他
FBI Wanted,https://www.fbi.gov/wanted/api,从文档链接中提取的API,False,其他
FEC,https://api.open.fec.gov/developers/,从文档链接中提取的API,False,其他
Federal Register,https://www.federalregister.gov/reader-aids/developer-resources/rest-api,从文档链接中提取的API,False,其他
Gun Policy,https://www.gunpolicy.org/api,从文档链接中提取的API,False,其他
Interpol Red Notices,https://interpol.api.bund.dev/,从文档链接中提取的API,False,其他
"Open Government, Estonia",https://avaandmed.eesti.ee/instructions/opendata-dataset-api,从文档链接中提取的API,False,其他
"Open Government, Lithuania",https://data.gov.lt/public/api/1,从文档链接中提取的API,False,其他
"Open Government, Netherlands",https://data.overheid.nl/en/ondersteuning/data-publiceren/api,从文档链接中提取的API,False,其他
"Open Government, New South Wales",https://api.nsw.gov.au/,从文档链接中提取的API,False,其他
"Open Government, Portugal",https://dados.gov.pt/en/docapi/,从文档链接中提取的API,False,其他
"Open Government, Sweden",https://www.dataportal.se/en/dataservice/91_29789/api-for-the-statistical-database,从文档链接中提取的API,False,其他
"Open Government, Switzerland",https://handbook.opendata.swiss/de/content/nutzen/api-nutzen.html,从文档链接中提取的API,False,其他
PRC Exam Schedule,https://api.whenisthenextboardexam.com/docs/,从文档链接中提取的API,False,其他
US Presidential Election Data by TogaTech,https://uselection.togatech.org/api/,从文档链接中提取的API,False,其他
USAspending.gov,https://api.usaspending.gov/,从文档链接中提取的API,False,其他
Coronavirus,https://pipedream.com/@pravin/http-api-for-latest-wuhan-coronavirus-data-2019-ncov-p_G6CLVM/readme,从文档链接中提取的API,False,其他
Covid Tracking Project,https://covidtracking.com/data/api/version-2,从文档链接中提取的API,False,数据服务
Covid-19,https://covid19api.com/,从文档链接中提取的API,False,其他
Covid-19,https://github.com/M-Media-Group/Covid-19-API,从文档链接中提取的API,False,其他
Covid-19 JHU CSSE,https://nuttaphat.com/covid19-api/,从文档链接中提取的API,False,其他
Covid-19 Live Data,https://github.com/mathdroid/covid-19-api,从文档链接中提取的API,False,其他
Covid-19 Philippines,https://github.com/Simperfy/Covid-19-API-Philippines-DOH,从文档链接中提取的API,False,其他
COVID-19 Tracker Canada,https://api.covid19tracker.ca/docs/1.0/overview,从文档链接中提取的API,False,其他
COVID-19 Tracker Sri Lanka,https://www.hpb.health.gov.lk/en/api-documentation,从文档链接中提取的API,False,其他
COVID-ID,https://data.covid19.go.id/public/api/prov.json,从文档链接中提取的API,False,其他
Makeup,http://makeup-api.herokuapp.com/,从文档链接中提取的API,False,其他
NPPES,https://npiregistry.cms.hhs.gov/registry/help-api,从文档链接中提取的API,False,其他
Quarantine,https://quarantine.country/coronavirus/api/,从文档链接中提取的API,False,其他
Arbeitsamt,https://jobsuche.api.bund.dev/,从文档链接中提取的API,False,其他
Careerjet,https://www.careerjet.com/partners/api/,从文档链接中提取的API,False,其他
GraphQL Jobs,https://graphql.jobs/docs/api/,从文档链接中提取的API,False,其他
Jobs2Careers,http://api.jobs2careers.com/api/spec.pdf,从文档链接中提取的API,False,其他
Jooble,https://jooble.org/api/about,从文档链接中提取的API,False,其他
Open Skills,https://github.com/workforce-data-initiative/skills-api/wiki/API-Overview,从文档链接中提取的API,False,其他
The Muse,https://www.themuse.com/developers/api/v2,从文档链接中提取的API,False,其他
Clarifai,https://docs.clarifai.com/api-guide/api-overview,从文档链接中提取的API,False,其他
Cloudmersive,https://www.cloudmersive.com/image-recognition-and-processing-api,从文档链接中提取的API,False,其他
EXUDE-API,http://uttesh.com/exude-api/,从文档链接中提取的API,False,其他
Hirak FaceAPI,https://faceapi.hirak.site/,从文档链接中提取的API,False,其他
Inferdo,https://rapidapi.com/user/inferdo,从文档链接中提取的API,False,其他
Irisnet,https://irisnet.de/api/,从文档链接中提取的API,False,其他
Machinetutors,https://www.machinetutors.com/portfolio/MT_api.html,从文档链接中提取的API,False,其他
OpenVisionAPI,https://openvisionapi.com,从文档链接中提取的API,False,其他
Perspective,https://perspectiveapi.com,从文档链接中提取的API,False,其他
Unplugg,https://unplu.gg/test_api.html,从文档链接中提取的API,False,其他
WolframAlpha,https://products.wolframalpha.com/api/,从文档链接中提取的API,False,其他
AI Mastering,https://aimastering.com/api_docs/,从文档链接中提取的API,False,其他
Audiomack,https://www.audiomack.com/data-api/docs,从文档链接中提取的API,False,其他
Bandsintown,https://app.swaggerhub.com/apis/Bandsintown/PublicAPI/3.0.0,从文档链接中提取的API,False,其他
Deezer,https://developers.deezer.com/api,从文档链接中提取的API,False,其他
Freesound,https://freesound.org/docs/api/,从文档链接中提取的API,False,其他
Gaana,https://github.com/cyberboysumanjay/GaanaAPI,从文档链接中提取的API,False,其他
Genrenator,https://binaryjazz.us/genrenator-api/,从文档链接中提取的API,False,其他
iTunes Search,https://affiliate.itunes.apple.com/resources/documentation/itunes-store-web-service-search-api/,从文档链接中提取的API,False,其他
JioSaavn,https://github.com/cyberboysumanjay/JioSaavnAPI,从文档链接中提取的API,False,其他
KSoft.Si Lyrics,https://docs.ksoft.si/api/lyrics-api,从文档链接中提取的API,False,其他
LastFm,https://www.last.fm/api,从文档链接中提取的API,False,其他
Lyrics.ovh,https://lyricsovh.docs.apiary.io,从文档链接中提取的API,False,其他
Napster,https://developer.napster.com/api/v2.2,从文档链接中提取的API,False,其他
Openwhyd,https://openwhyd.github.io/openwhyd/API,从文档链接中提取的API,False,其他
Phishin,https://phish.in/api-docs,从文档链接中提取的API,False,其他
Radio Browser,https://api.radio-browser.info/,从文档链接中提取的API,False,其他
Songlink / Odesli,https://www.notion.so/API-d0ebe08a5e304a55928405eb682f6741,从文档链接中提取的API,False,其他
Songsterr,https://www.songsterr.com/a/wa/api/,从文档链接中提取的API,False,其他
SoundCloud,https://developers.soundcloud.com/docs/api/guide,从文档链接中提取的API,False,其他
Spotify,https://beta.developer.spotify.com/documentation/web-api/,从文档链接中提取的API,False,其他
TasteDive,https://tastedive.com/read/api,从文档链接中提取的API,False,其他
TheAudioDB,https://www.theaudiodb.com/api_guide.php,从文档链接中提取的API,False,其他
Vagalume,https://api.vagalume.com.br/docs/,从文档链接中提取的API,False,其他
Chronicling America,http://chroniclingamerica.loc.gov/about/api/,从文档链接中提取的API,False,其他
Currents,https://currentsapi.services/,从文档链接中提取的API,False,其他
Feedbin,https://github.com/feedbin/feedbin-api,从文档链接中提取的API,False,其他
Graphs for Coronavirus,https://corona.dnsforfamily.com/api.txt,从文档链接中提取的API,False,其他
Inshorts News,https://github.com/cyberboysumanjay/Inshorts-News-API,从文档链接中提取的API,False,其他
News,https://newsapi.org/,从文档链接中提取的API,False,其他
NewsX,https://rapidapi.com/machaao-inc-machaao-inc-default/api/newsx/,从文档链接中提取的API,False,其他
NPR One,http://dev.npr.org/api/,从文档链接中提取的API,False,其他
Spaceflight News,https://spaceflightnewsapi.net,从文档链接中提取的API,False,其他
The Old Reader,https://github.com/theoldreader/api,从文档链接中提取的API,False,其他
TheNews,https://www.thenewsapi.com/,从文档链接中提取的API,False,其他
Trove,https://trove.nla.gov.au/about/create-something/using-api,从文档链接中提取的API,False,其他
18F,http://18f.github.io/API-All-the-X/,从文档链接中提取的API,False,其他
API Setu,https://www.apisetu.gov.in/,从文档链接中提取的API,False,其他
Black History Facts,https://www.blackhistoryapi.io/docs,从文档链接中提取的API,False,其他
French Address Search,https://geo.api.gouv.fr/adresse,从文档链接中提取的API,False,其他
GENESIS,https://www.destatis.de/EN/Service/OpenData/api-webservice.html,从文档链接中提取的API,False,其他
Joshua Project,https://api.joshuaproject.net/,从文档链接中提取的API,False,其他
Kaggle,https://www.kaggle.com/docs/api,从文档链接中提取的API,False,其他
Lowy Asia Power Index,https://github.com/0x0is1/lowy-index-api-docs,从文档链接中提取的API,False,其他
OpenCorporates,http://api.opencorporates.com/documentation/API-Reference,从文档链接中提取的API,False,其他
OpenSanctions,https://www.opensanctions.org/docs/api/,从文档链接中提取的API,False,其他
PeakMetrics,https://rapidapi.com/peakmetrics-peakmetrics-default/api/peakmetrics-news,从文档链接中提取的API,False,其他
Umeå Open Data,https://opendata.umea.se/api/,从文档链接中提取的API,False,其他
UPC database,https://upcdatabase.org/api,从文档链接中提取的API,False,其他
Wikidata,https://www.wikidata.org/w/api.php?action=help,从文档链接中提取的API,False,其他
Wikipedia,https://www.mediawiki.org/wiki/API:Main_page,从文档链接中提取的API,False,其他
Countly,https://api.count.ly/reference,从文档链接中提取的API,False,其他
Creative Commons Catalog,https://api.creativecommons.engineering/,从文档链接中提取的API,False,其他
Datamuse,https://www.datamuse.com/api/,从文档链接中提取的API,False,其他
Drupal.org,https://www.drupal.org/drupalorg/docs/api,从文档链接中提取的API,False,其他
Evil Insult Generator,https://evilinsult.com/api,从文档链接中提取的API,False,其他
PatentsView ,https://patentsview.org/apis/purpose,从文档链接中提取的API,False,其他
TIPO,https://tiponet.tipo.gov.tw/Gazette/OpenData/OD/OD05.aspx?QryDS=API00,从文档链接中提取的API,False,其他
Advice Slip,http://api.adviceslip.com/,从文档链接中提取的API,False,其他
Dev.to,https://developers.forem.com/api,从文档链接中提取的API,False,其他
FavQs.com,https://favqs.com/api,从文档链接中提取的API,False,其他
Forismatic,http://forismatic.com/en/api/,从文档链接中提取的API,False,其他
icanhazdadjoke,https://icanhazdadjoke.com/api,从文档链接中提取的API,False,其他
Medium,https://github.com/Medium/medium-api-docs,从文档链接中提取的API,False,其他
Programming Quotes,https://github.com/skolakoda/programming-quotes-api,从文档链接中提取的API,False,其他
Quotes on Design,https://quotesondesign.com/api/,从文档链接中提取的API,False,其他
Stoicism Quote,https://github.com/tlcheah2/stoic-quote-lambda-public-api,从文档链接中提取的API,False,其他
They Said So Quotes,https://theysaidso.com/api/,从文档链接中提取的API,False,其他
Abstract Phone Validation,https://www.abstractapi.com/phone-validation-api,从文档链接中提取的API,False,其他
Cloudmersive Validate,https://cloudmersive.com/phone-number-validation-API,从文档链接中提取的API,False,其他
Phone Specification,https://github.com/azharimm/phone-specs-api,从文档链接中提取的API,False,其他
APITemplate.io,https://apitemplate.io,从文档链接中提取的API,False,其他
Duply,https://duply.co/docs#getting-started-api,从文档链接中提取的API,False,其他
DynaPictures,https://dynapictures.com/docs/,从文档链接中提取的API,False,其他
Flickr,https://www.flickr.com/services/api/,从文档链接中提取的API,False,其他
Gfycat,https://developers.gfycat.com/api/,从文档链接中提取的API,False,其他
Image Upload,https://apilayer.com/marketplace/image_upload-api,从文档链接中提取的API,False,其他
Imgur,https://apidocs.imgur.com/,从文档链接中提取的API,False,其他
Pexels,https://www.pexels.com/api/,从文档链接中提取的API,False,其他
PhotoRoom,https://www.photoroom.com/api/,从文档链接中提取的API,False,其他
Pixabay,https://pixabay.com/sk/service/about/api/,从文档链接中提取的API,False,其他
Remove.bg,https://www.remove.bg/api,从文档链接中提取的API,False,其他
ReSmush.it,https://resmush.it/api,从文档链接中提取的API,False,其他
shutterstock,https://api-reference.shutterstock.com/,从文档链接中提取的API,False,其他
Sirv,https://apidocs.sirv.com/,从文档链接中提取的API,False,其他
Wallhaven,https://wallhaven.cc/help/api,从文档链接中提取的API,False,其他
Webdam,https://www.damsuccess.com/hc/en-us/articles/202134055-REST-API,从文档链接中提取的API,False,其他
Codeforces,https://codeforces.com/apiHelp,从文档链接中提取的API,False,其他
KONTESTS,https://kontests.net/api,从文档链接中提取的API,False,其他
arcsecond.io,https://api.arcsecond.io/,从文档链接中提取的API,False,其他
arXiv,https://arxiv.org/help/api/user-manual,从文档链接中提取的API,False,其他
CORE,https://core.ac.uk/services#api,从文档链接中提取的API,False,其他
iDigBio,https://github.com/idigbio/idigbio-search-api/wiki,从文档链接中提取的API,False,其他
inspirehep.net,https://github.com/inspirehep/rest-api-doc,从文档链接中提取的API,False,其他
isEven (humor),https://isevenapi.xyz/,从文档链接中提取的API,False,其他
Launch Library 2,https://thespacedevs.com/llapi,从文档链接中提取的API,False,其他
NASA,https://api.nasa.gov,从文档链接中提取的API,False,其他
NASA ADS,https://ui.adsabs.harvard.edu/help/api/api-docs.html,从文档链接中提取的API,False,其他
Noctua,https://api.noctuasky.com/api/v1/swaggerdoc/,从文档链接中提取的API,False,其他
Numbers,https://math.tools/api/numbers/,从文档链接中提取的API,False,其他
Numbers,http://numbersapi.com,从文档链接中提取的API,False,其他
Open Notify,http://open-notify.org/Open-Notify-API/,从文档链接中提取的API,False,其他
SHARE,https://share.osf.io/api/v2/,从文档链接中提取的API,False,其他
SpaceX,https://github.com/r-spacex/SpaceX-API,从文档链接中提取的API,False,其他
SpaceX,https://api.spacex.land/graphql/,从文档链接中提取的API,False,其他
Sunrise and Sunset,https://sunrise-sunset.org/api,从文档链接中提取的API,False,其他
Times Adder,https://github.com/FranP-code/API-Times-Adder,从文档链接中提取的API,False,其他
BinaryEdge,https://docs.binaryedge.io/api-v2.html,从文档链接中提取的API,False,其他
BitWarden,https://bitwarden.com/help/api/,从文档链接中提取的API,False,其他
Bugcrowd,https://docs.bugcrowd.com/api/getting-started/,从文档链接中提取的API,False,其他
Censys,https://search.censys.io/api,从文档链接中提取的API,False,其他
Classify,https://classify-web.herokuapp.com/#/api,从文档链接中提取的API,False,其他
CRXcavator,https://crxcavator.io/apidocs,从文档链接中提取的API,False,其他
Dehash.lt,https://github.com/Dehash-lt/api,从文档链接中提取的API,False,其他
Escape,https://github.com/polarspetroll/EscapeAPI,从文档链接中提取的API,False,其他
FraudLabs Pro,https://www.fraudlabspro.com/developer/api/screen-order,从文档链接中提取的API,False,其他
FullHunt,https://api-docs.fullhunt.io/#introduction,从文档链接中提取的API,False,其他
GitGuardian,https://api.gitguardian.com/doc,从文档链接中提取的API,False,其他
HackerOne,https://api.hackerone.com/,从文档链接中提取的API,False,其他
Hashable,https://hashable.space/pages/api/,从文档链接中提取的API,False,其他
HaveIBeenPwned,https://haveibeenpwned.com/API/v3,从文档链接中提取的API,False,其他
Intelligence X,https://github.com/IntelligenceX/SDK/blob/master/Intelligence%20X%20API.pdf,从文档链接中提取的API,False,其他
Mozilla http scanner,https://github.com/mozilla/http-observatory/blob/master/httpobs/docs/api.md,从文档链接中提取的API,False,其他
Mozilla tls scanner,https://github.com/mozilla/tls-observatory#api-endpoints,从文档链接中提取的API,False,其他
Pulsedive,https://pulsedive.com/api/,从文档链接中提取的API,False,其他
SecurityTrails,https://securitytrails.com/corp/apidocs,从文档链接中提取的API,False,其他
Virushee,https://api.virushee.com/,从文档链接中提取的API,False,其他
VulDB,https://vuldb.com/?doc.api,从文档链接中提取的API,False,其他
Best Buy,https://bestbuyapis.github.io/api-documentation/#overview,从文档链接中提取的API,False,其他
Digi-Key,https://www.digikey.com/en/resources/api-solutions,从文档链接中提取的API,False,其他
Dummy Products,https://dummyproducts-api.herokuapp.com/,从文档链接中提取的API,False,其他
Etsy,https://www.etsy.com/developers/documentation/getting_started/api_basics,从文档链接中提取的API,False,其他
Flipkart Marketplace,https://seller.flipkart.com/api-docs/FMSAPI.html,从文档链接中提取的API,False,其他
Mercadolibre,https://developers.mercadolibre.cl/es_ar/api-docs-es,从文档链接中提取的API,False,其他
Octopart,https://octopart.com/api/v4/reference,从文档链接中提取的API,False,其他
OLX Poland,https://developer.olx.pl/api/doc#section/,从文档链接中提取的API,False,其他
Tokopedia,https://developer.tokopedia.com/openapi/guide/#/,从文档链接中提取的API,False,其他
WooCommerce,https://woocommerce.github.io/woocommerce-rest-api-docs/,从文档链接中提取的API,False,其他
4chan,https://github.com/4chan/4chan-API,从文档链接中提取的API,False,其他
Disqus,https://disqus.com/api/docs/auth/,从文档链接中提取的API,True,其他
Doge-Meme,https://api.doge-meme.lol/docs,从文档链接中提取的API,False,其他
HackerNews,https://github.com/HackerNews/API,从文档链接中提取的API,False,其他
Meetup.com,https://www.meetup.com/api/guide,从文档链接中提取的API,False,其他
Microsoft Graph,https://docs.microsoft.com/en-us/graph/api/overview,从文档链接中提取的API,False,其他
Open Collective,https://docs.opencollective.com/help/developers/api,从文档链接中提取的API,False,其他
Product Hunt,https://api.producthunt.com/v2/docs,从文档链接中提取的API,False,其他
Reddit,https://www.reddit.com/dev/api,从文档链接中提取的API,False,其他
Revolt,https://developers.revolt.chat/api/,从文档链接中提取的API,False,其他
Saidit,https://www.saidit.net/dev/api,从文档链接中提取的API,False,其他
Slack,https://api.slack.com/,从文档链接中提取的API,False,其他
Telegram Bot,https://core.telegram.org/bots/api,从文档链接中提取的API,False,其他
Telegram MTProto,https://core.telegram.org/api#getting-started,从文档链接中提取的API,False,其他
Telegraph,https://telegra.ph/api,从文档链接中提取的API,False,其他
Tumblr,https://www.tumblr.com/docs/en/api/v2,从文档链接中提取的API,False,其他
API-FOOTBALL,https://www.api-football.com/documentation-v3,从文档链接中提取的API,False,其他
ApiMedic,https://apimedic.com/,从文档链接中提取的API,False,其他
Canadian Football League (CFL),http://api.cfl.ca/,从文档链接中提取的API,False,其他
City Bikes,https://api.citybik.es/v2/,从文档链接中提取的API,False,其他
Cloudbet,https://www.cloudbet.com/api/,从文档链接中提取的API,False,其他
Football,https://rapidapi.com/GiulianoCrescimbeni/api/football98/,从文档链接中提取的API,False,其他
Football (Soccer) Videos,https://www.scorebat.com/video-api/,从文档链接中提取的API,False,其他
Football Standings,https://github.com/azharimm/football-standings-api,从文档链接中提取的API,False,其他
MLB Records and Stats,https://appac.github.io/mlb-data-api-docs/,从文档链接中提取的API,False,其他
NBA Data,https://rapidapi.com/api-sports/api/api-nba/,从文档链接中提取的API,False,其他
NBA Stats,https://any-api.com/nba_com/nba_com/docs/API_Description,从文档链接中提取的API,False,其他
NHL Records and Stats,https://gitlab.com/dword4/nhlapi,从文档链接中提取的API,False,其他
Premier League Standings ,https://rapidapi.com/heisenbug/api/premier-league-live-scores/,从文档链接中提取的API,False,其他
Sport Data,https://sportdataapi.com,从文档链接中提取的API,False,其他
Squiggle,https://api.squiggle.com.au,从文档链接中提取的API,False,其他
Strava,https://strava.github.io/api/,从文档链接中提取的API,False,其他
SuredBits,https://suredbits.com/api/,从文档链接中提取的API,False,其他
TheSportsDB,https://www.thesportsdb.com/api.php,从文档链接中提取的API,False,其他
Wger,https://wger.de/en/software/api,从文档链接中提取的API,False,其他
Bacon Ipsum,https://baconipsum.com/json-api/,从文档链接中提取的API,False,其他
English Random Words,https://random-words-api.vercel.app/word,从文档链接中提取的API,False,其他
FakerAPI,https://fakerapi.it/en,从文档链接中提取的API,False,其他
FakeStoreAPI,https://fakestoreapi.com/,从文档链接中提取的API,False,其他
GeneradorDNI,https://api.generadordni.es,从文档链接中提取的API,False,其他
ItsThisForThat,https://itsthisforthat.com/api.php,从文档链接中提取的API,False,其他
Mailsac,https://mailsac.com/docs/api,从文档链接中提取的API,False,其他
Random Data,https://random-data-api.com,从文档链接中提取的API,False,其他
Randommer,https://randommer.io/randommer-api,从文档链接中提取的API,False,其他
Spanish random names,https://random-names-api.herokuapp.com/public,从文档链接中提取的API,False,其他
Spanish random words,https://palabras-aleatorias-public-api.herokuapp.com,从文档链接中提取的API,False,其他
Toolcarton,https://testimonialapi.toolcarton.com/,从文档链接中提取的API,False,其他
Yes No,https://yesno.wtf/api,从文档链接中提取的API,False,其他
Code Detection API,https://codedetectionapi.runtime.dev,从文档链接中提取的API,False,其他
Aylien Text Analysis,https://docs.aylien.com/textapi/#getting-started,从文档链接中提取的API,False,其他
Cloudmersive Natural Language Processing,https://www.cloudmersive.com/nlp-api,从文档链接中提取的API,False,其他
Lecto Translation,https://rapidapi.com/lecto-lecto-default/api/lecto-translation/,从文档链接中提取的API,False,其他
Watson Natural Language Understanding,https://cloud.ibm.com/apidocs/natural-language-understanding/natural-language-understanding,从文档链接中提取的API,False,其他
PostalPinCode,http://www.postalpincode.in/Api-Details,从文档链接中提取的API,False,其他
PostNord,https://developer.postnord.com/api,从文档链接中提取的API,False,其他
WhatPulse,https://developer.whatpulse.org/#web-api,从文档链接中提取的API,False,其他
airportsapi,https://airport-web.appspot.com/api/docs/,从文档链接中提取的API,False,其他
AIS Hub,http://www.aishub.net/api,从文档链接中提取的API,False,其他
AviationAPI,https://docs.aviationapi.com,从文档链接中提取的API,False,其他
Bay Area Rapid Transit,http://api.bart.gov,从文档链接中提取的API,False,其他
BC Ferries,https://www.bcferriesapi.ca,从文档链接中提取的API,False,其他
Boston MBTA Transit,https://www.mbta.com/developers/v3-api,从文档链接中提取的API,False,其他
Community Transit,https://github.com/transitland/transitland-datastore/blob/master/README.md#api-endpoints,从文档链接中提取的API,False,其他
Compare Flight Prices,https://rapidapi.com/obryan-software-obryan-software-default/api/compare-flight-prices/,从文档链接中提取的API,False,其他
CTS,https://api.cts-strasbourg.eu/,从文档链接中提取的API,False,其他
Icelandic APIs,http://docs.apis.is/,从文档链接中提取的API,False,其他
Impala Hotel Bookings,https://docs.impala.travel/docs/booking-api/,从文档链接中提取的API,False,其他
Izi,http://api-docs.izi.travel/,从文档链接中提取的API,False,其他
"Land Transport Authority DataMall, Singapore",https://datamall.lta.gov.sg/content/dam/datamall/datasets/LTA_DataMall_API_User_Guide.pdf,从文档链接中提取的API,False,其他
Open Charge Map,https://openchargemap.org/site/develop/api,从文档链接中提取的API,False,其他
OpenSky Network,https://opensky-network.org/apidoc/index.html,从文档链接中提取的API,False,其他
Railway Transport for France,https://www.digital.sncf.com/startup/api,从文档链接中提取的API,False,其他
REFUGE Restrooms,https://www.refugerestrooms.org/api/docs/#!/restrooms,从文档链接中提取的API,False,其他
TransitLand,https://www.transit.land/documentation/datastore/api-endpoints.html,从文档链接中提取的API,False,其他
"Transport for Budapest, Hungary",https://bkkfutar.docs.apiary.io,从文档链接中提取的API,False,其他
Transport for Germany,http://data.deutschebahn.com/dataset/api-fahrplan,从文档链接中提取的API,False,数据服务
"Transport for Grenoble, France",https://www.mobilites-m.fr/pages/opendata/OpenDataApi.html,从文档链接中提取的API,False,其他
"Transport for Honolulu, US",http://hea.thebus.org/api_info.asp,从文档链接中提取的API,False,其他
"Transport for London, England",https://api.tfl.gov.uk,从文档链接中提取的API,False,其他
"Transport for Los Angeles, US",https://developer.metro.net/api/,从文档链接中提取的API,False,其他
"Transport for Paris, France",http://data.ratp.fr/api/v1/console/datasets/1.0/search/,从文档链接中提取的API,False,其他
"Transport for Sao Paulo, Brazil",http://www.sptrans.com.br/desenvolvedores/api-do-olho-vivo-guia-de-referencia/documentacao-api/,从文档链接中提取的API,False,其他
Transport for Spain,https://data.renfe.com/api/1/util/snippet/api_info.html?resource_id=a2368cff-1562-4dde-8466-9635ea3a572a,从文档链接中提取的API,False,其他
Transport for Sweden,https://www.trafiklab.se/api,从文档链接中提取的API,False,其他
Transport for The Netherlands,http://www.ns.nl/reisinformatie/ns-api,从文档链接中提取的API,False,其他
Transport for The Netherlands,https://github.com/skywave/KV78Turbo-OVAPI/wiki,从文档链接中提取的API,False,其他
Transport for UK,https://developer.transportapi.com,从文档链接中提取的API,False,其他
1pt,https://github.com/1pt-co/api/blob/main/README.md,从文档链接中提取的API,False,其他
Clico,https://cli.com/swagger-ui/index.html?configUrl=/v3/api-docs/swagger-config,从文档链接中提取的API,False,其他
Cutt.ly,https://cutt.ly/api-documentation/cuttly-links-api,从文档链接中提取的API,False,其他
GoTiny,https://github.com/robvanbakel/gotiny-api,从文档链接中提取的API,False,其他
Mgnet.me,http://mgnet.me/api.html,从文档链接中提取的API,False,其他
owo,https://owo.vc/api,从文档链接中提取的API,False,其他
Short Link,https://github.com/FayasNoushad/Short-Link-API,从文档链接中提取的API,False,其他
Helipaddy sites,https://helipaddy.com/api/,从文档链接中提取的API,False,其他
Mercedes-Benz,https://developer.mercedes-benz.com/apis,从文档链接中提取的API,False,其他
NHTSA,https://vpic.nhtsa.dot.gov/api/,从文档链接中提取的API,False,其他
An API of Ice And Fire,https://anapioficeandfire.com/,从文档链接中提取的API,False,其他
Bob's Burgers,https://bobs-burgers-api-ui.herokuapp.com,从文档链接中提取的API,False,其他
Breaking Bad,https://breakingbadapi.com/documentation,从文档链接中提取的API,False,其他
Catalogopolis,https://api.catalogopolis.xyz/docs/,从文档链接中提取的API,False,其他
Catch The Show,https://catchtheshow.herokuapp.com/api/documentation,从文档链接中提取的API,False,其他
Dune,https://github.com/ywalia01/dune-api,从文档链接中提取的API,False,其他
Final Space,https://finalspaceapi.com/docs/,从文档链接中提取的API,False,其他
Harry Potter Charactes,https://hp-api.herokuapp.com/,从文档链接中提取的API,False,其他
IMDb-API,https://imdb-api.com/,从文档链接中提取的API,False,其他
Open Movie Database,http://www.omdbapi.com/,从文档链接中提取的API,False,其他
Owen Wilson Wow,https://owen-wilson-wow-api.herokuapp.com,从文档链接中提取的API,False,其他
Ron Swanson Quotes,https://github.com/jamesseanwright/ron-swanson-quotes#ron-swanson-quotes-api,从文档链接中提取的API,False,其他
Simkl,https://simkl.docs.apiary.io,从文档链接中提取的API,False,其他
STAPI,http://stapi.co,从文档链接中提取的API,False,其他
Stream,https://api.stream.cz/graphiql,从文档链接中提取的API,False,其他
Stromberg Quotes,https://www.stromberg-api.de/,从文档链接中提取的API,False,其他
SWAPI,https://swapi.dev/,从文档链接中提取的API,False,其他
SWAPI,https://www.swapi.tech,从文档链接中提取的API,False,其他
SWAPI GraphQL,https://graphql.org/swapi-graphql,从文档链接中提取的API,False,其他
The Lord of the Rings,https://the-one-api.dev/,从文档链接中提取的API,False,其他
The Vampire Diaries,https://vampire-diaries-api.netlify.app/,从文档链接中提取的API,False,其他
ThronesApi,https://thronesapi.com/,从文档链接中提取的API,False,其他
TMDb,https://www.themoviedb.org/documentation/api,从文档链接中提取的API,False,其他
TrailerAddict,https://www.traileraddict.com/trailerapi,从文档链接中提取的API,False,其他
Trakt,https://trakt.docs.apiary.io/,从文档链接中提取的API,False,其他
TVDB,https://thetvdb.com/api-information,从文档链接中提取的API,False,其他
TVMaze,http://www.tvmaze.com/api,从文档链接中提取的API,False,其他
uNoGS,https://rapidapi.com/unogs/api/unogsng,从文档链接中提取的API,False,其他
Watchmode,https://api.watchmode.com/,从文档链接中提取的API,False,其他
AccuWeather,https://developer.accuweather.com/apis,从文档链接中提取的API,False,其他
APIXU,https://www.apixu.com/doc/request.aspx,从文档链接中提取的API,False,其他
AQICN,https://aqicn.org/api/,从文档链接中提取的API,False,其他
ColorfulClouds,https://open.caiyunapp.com/ColorfulClouds_Weather_API,从文档链接中提取的API,False,其他
Euskalmet,https://opendata.euskadi.eus/api-euskalmet/-/api-de-euskalmet/,从文档链接中提取的API,False,其他
MetaWeather,https://www.metaweather.com/api/,从文档链接中提取的API,False,其他
Meteorologisk Institutt,https://api.met.no/weatherapi/documentation,从文档链接中提取的API,False,其他
Micro Weather,https://m3o.com/weather/api,从文档链接中提取的API,False,其他
ODWeather,http://api.oceandrivers.com/static/docs.html,从文档链接中提取的API,False,其他
openSenseMap,https://api.opensensemap.org/,从文档链接中提取的API,False,其他
OpenWeatherMap,https://openweathermap.org/api,从文档链接中提取的API,False,其他
RainViewer,https://www.rainviewer.com/api.html,从文档链接中提取的API,False,其他
US Weather,https://www.weather.gov/documentation/services-web-api,从文档链接中提取的API,False,其他
Visual Crossing,https://www.visualcrossing.com/weather-api,从文档链接中提取的API,False,其他
weather-api,https://github.com/robertoduessmann/weather-api,从文档链接中提取的API,False,其他
WeatherAPI,https://www.weatherapi.com/,从文档链接中提取的API,False,其他
Weatherbit,https://www.weatherbit.io/api,从文档链接中提取的API,False,其他
